Compound Name,Compound Id (KEGG),glc,glyc,ac,"E. coli (mM), WT(Mar), Ishii et al. 2007'","E. coli (mM), WT(Jun), Ishii et al. 2007'","E. coli (mM), WT(Jul), Ishii et al. 2007'","E. coli (mM), WT(Sep), Ishii et al. 2007'","E. coli (mM), WT(Oct), Ishii et al. 2007'","Human muscle (mM), Bergstrom et al. 1974'","S. cerevisiae (umol/G CDW), Hake Flask (n=4) , Ewald et al. 2009'","S. cerevisiae (umol/G CDW), Plate 1 (n=20) , Ewald et al. 2009'","S. cerevisiae (umol/G CDW), Plate 2 (n=20) , Ewald et al. 2009'","S. cerevisiae (mM), Glucose, Fendt et al. 2010'","S. cerevisiae (mM), Galactose, Fendt et al. 2010'","S. cerevisiae (mM), Ethanol, Fendt et al. 2010'","S. cerevisiae (mM), CEN.PK 113-7D, Kummel et al. 2010'","S. cerevisiae (mM), CEN-PK JT4, Kummel et al. 2010'","S. cerevisiae (mM), FY4, Kummel et al. 2010'","Bacillus subtilis (mM), Glucose,  Kleijn et al. 2010'","Bacillus subtilis (mM), Malate 1,  Kleijn et al. 2010'","Bacillus subtilis (mM), Malate 2,  Kleijn et al. 2010'"
'ATP',2,9.63,8.98,4.14,1.26,1.95,1.31,1.37,0.263,nan,nan,nan,nan,3.39,3.94,1.16,nan,nan,nan,nan,nan,nan
'NAD+',3,2.55,4.08,2.43,0.585,0.763,0.793,1.25,0.209,nan,nan,nan,nan,0.47,0.57,0.14,1.504,1.344,0.996,nan,nan,nan
'NADH',4,0.0832,0.129,0.135,nan,nan,nan,nan,nan,nan,nan,nan,nan,0.45,0.47,0.4,nan,nan,nan,nan,nan,nan
'NADPH',5,0.115,0.255,0.267,nan,nan,0.163,nan,nan,nan,nan,nan,nan,0.07,0.08,0.07,nan,nan,nan,nan,nan,nan
'NADP+',6,0.00208,nan,nan,0.0957,0.135,0.11,0.0699,0.0263,nan,nan,nan,nan,nan,nan,nan,nan,nan,nan,nan,nan,nan
'ADP',8,0.555,0.149,0.189,0.605,0.89,0.564,0.58,0.173,nan,nan,nan,nan,0.63,0.72,0.59,0.561,0.56,0.339,nan,nan,nan
'CoA',10,1.37,4.54,3.7,nan,nan,nan,nan,nan,nan,nan,nan,nan,nan,nan,nan,nan,nan,nan,0.13,0.16,0.23
'UDP',15,1.79,nan,nan,0.444,2.49,0.386,0.887,0.561,nan,nan,nan,nan,nan,nan,nan,nan,nan,nan,nan,nan,nan
'FAD',16,0.173,0.209,0.0493,0.0358,0.0273,0.0377,0.0279,0.00468,nan,nan,nan,nan,nan,nan,nan,nan,nan,nan,nan,nan,nan
'Pyridoxal phosphate',18,nan,nan,nan,nan,0.244,nan,nan,nan,nan,nan,nan,nan,nan,nan,nan,nan,nan,nan,nan,nan,nan
'S-Adenosyl-L-methionine',19,0.184,1.1,0.388,nan,0.166,0.0442,0.203,0.108,nan,nan,nan,nan,nan,nan,nan,nan,nan,nan,nan,nan,nan
'AMP',20,0.281,0.156,0.101,0.653,0.704,0.7,0.543,0.253,nan,nan,nan,nan,0.16,0.17,0.19,0.121,0.194,0.055,nan,nan,nan
'S-Adenosyl-L-homocysteine',21,nan,nan,nan,nan,nan,nan,nan,nan,nan,nan,nan,nan,nan,nan,nan,nan,nan,nan,nan,nan,nan
'Pyruvate',22,nan,nan,nan,0.128,nan,nan,nan,nan,nan,nan,nan,nan,1.24,1.09,0.01,nan,nan,nan,8.9,nan,nan
'Acetyl-CoA',24,0.606,0.734,0.628,nan,nan,nan,nan,nan,nan,nan,nan,nan,nan,nan,nan,21.536,18.143,25.204,0.03,0.03,0.04
'L-Glutamate',25,96,149,44.8,3.64,3.02,4.27,3.26,3.18,4.38,68.59,48.5,37.69,81.75,86.97,85.08,nan,nan,nan,40.31,49.18,52.86
'2-Oxoglutarate',26,0.443,0.616,0.446,nan,0.0301,nan,nan,nan,nan,0.77,1.37,1.36,1.11,1.26,0.14,1.716,1.663,2.067,0.78,5.74,6.14
'UDP-glucose',29,2.5,1.12,0.553,1.64,0.212,1.91,0.9,0.0502,nan,nan,nan,nan,nan,nan,nan,nan,nan,nan,nan,nan,nan
'GDP',35,0.676,0.0232,0.0177,0.224,0.34,0.18,0.335,0.0652,nan,nan,nan,nan,0.22,0.23,0.19,nan,nan,nan,nan,nan,nan
'Glycine',37,nan,nan,nan,0.168,0.157,0.318,0.597,0.208,1.33,3.22,2.54,2.32,nan,nan,nan,1.406,2.464,0.807,nan,nan,nan
'L-Alanine',41,2.55,1.77,0.879,0.203,0.182,0.358,0.628,0.23,2.34,6.59,6.7,4.91,24.71,26.07,6.23,9.677,8.841,11.4,4.19,9.92,10.35
'Succinate',42,0.569,1.14,0.923,nan,0.0686,nan,0.0619,0.078,nan,0.63,1.11,0.86,0.34,0.5,1.56,1.382,1.476,0.56,5.84,nan,nan
'UDP-N-acetyl-D-glucosamine',43,9.24,4.11,2.4,0.57,0.142,0.542,0.324,0.0378,nan,nan,nan,nan,nan,nan,nan,nan,nan,nan,nan,nan,nan
'GTP',44,4.87,2.69,1.25,0.677,0.892,0.589,0.852,0.126,nan,nan,nan,nan,0.59,0.59,0.35,nan,nan,nan,nan,nan,nan
'L-Lysine',47,0.405,0.762,0.554,0.323,0.388,0.361,0.199,0.402,1.15,6.48,4.85,3.68,nan,nan,nan,3.812,3.808,7.947,nan,nan,nan
'L-Aspartate',49,4.23,9.3,7.35,0.241,0.231,0.337,0.579,0.255,nan,18.58,10.31,7.73,15.7,14.43,1.67,4.094,3.755,6.431,0.87,4.91,6.42
'Glutathione',51,16.6,17.6,7.97,6.11,12.2,0.0506,8.76,12.4,nan,nan,nan,nan,nan,nan,nan,nan,nan,nan,nan,nan,nan
'CMP',55,0.36,nan,nan,nan,nan,nan,nan,0.0649,nan,nan,nan,nan,nan,nan,nan,nan,nan,nan,nan,nan,nan
'FMN',61,0.0537,0.00274,0.0531,0.0211,0.034,nan,0.0184,0.00618,nan,nan,nan,nan,nan,nan,nan,nan,nan,nan,nan,nan,nan
'L-Arginine',62,0.569,nan,nan,0.0434,0.0624,0.0575,0.0888,0.0321,0.51,nan,nan,nan,35.82,29.81,8.69,nan,nan,nan,nan,nan,nan
'CTP',63,2.73,1.4,1.15,0.32,0.371,0.282,0.26,0.0637,nan,nan,nan,nan,nan,nan,nan,nan,nan,nan,nan,nan,nan
'L-Glutamine',64,3.77,0.4,0.193,0.569,0.449,0.494,1.32,0.371,19.45,nan,nan,nan,80.35,65.58,18.02,nan,nan,nan,3.87,9.38,36.6
'L-Serine',65,0.0676,0.175,0.0975,0.202,0.156,0.343,0.661,0.182,0.98,8.46,5.04,3.98,nan,nan,nan,5.602,4.852,5.086,0.77,0.67,0.57
'L-Methionine',73,0.145,0.129,0.0659,0.0343,0.0258,0.0303,0.0262,0.0423,0.11,nan,nan,nan,nan,nan,nan,0.223,0.197,0.206,0.14,0.27,0.25
'Phosphoenolpyruvate',74,0.184,1.34,0.909,0.0911,0.175,nan,nan,0.0946,nan,nan,nan,nan,0.19,0.2,0.62,0.064,0.03,0.064,0.33,0.21,0.92
'UTP',75,8.29,3.99,2.37,0.846,0.888,0.663,0.648,0.134,nan,nan,nan,nan,nan,nan,nan,nan,nan,nan,nan,nan,nan
'L-Ornithine',77,0.0101,0.0303,0.064,0.0743,0.0939,0.12,0.0896,0.109,0.3,7.51,5.88,4.98,nan,nan,nan,nan,nan,nan,nan,nan,nan
'L-Tryptophan',78,0.0115,0.00466,0.000896,nan,nan,0.00939,0.0121,nan,nan,nan,nan,nan,0.03,0.03,0.02,nan,nan,nan,1.05,2.33,2.83
'L-Phenylalanine',79,0.0182,0.0421,0.0274,0.0557,0.0517,0.0657,0.0548,0.0535,0.07,0.59,0.74,0.43,0.35,0.34,0.24,0.428,0.39,0.222,0.13,0.09,0.04
'ITP',81,0.205,nan,nan,0.21,0.314,0.207,0.214,0.0433,nan,nan,nan,nan,nan,nan,nan,nan,nan,nan,nan,nan,nan
'L-Tyrosine',82,0.0289,0.0874,0.0522,nan,0.0271,0.0378,0.0451,0.0279,0.1,0.82,1.1,0.68,0.16,0.17,0.32,0.405,0.423,0.146,0.15,0.2,0.17
'Malonyl-CoA',83,0.0345,nan,nan,nan,nan,nan,nan,nan,nan,nan,nan,nan,nan,nan,nan,nan,nan,nan,nan,nan,nan
'D-Fructose 6-phosphate',85,nan,nan,nan,0.0545,0.045,0.0551,0.039,0.0259,nan,1.86,1.03,0.87,0.32,0.29,0.24,0.175,0.219,0.051,0.16,0.07,0.01
'Succinyl-CoA',91,0.233,1.44,0.39,nan,nan,nan,nan,nan,nan,nan,nan,nan,nan,nan,nan,nan,nan,nan,nan,nan,nan
'D-Glucose 6-phosphate',92,8.75,5.48,4.36,0.129,0.185,0.18,0.246,0.165,nan,7.82,4.56,4.19,3.7,3.82,1.29,1.282,1.335,0.548,0.43,0.23,0.11
'sn-Glycerol 3-phosphate',93,0.049,0.813,0.246,0.112,0.372,nan,0.213,0.219,nan,0.28,0.34,0.26,0.5,0.39,0.09,nan,nan,nan,0.57,0.51,0.4
'L-Cysteine',97,nan,nan,nan,nan,nan,nan,nan,nan,0.18,nan,nan,nan,nan,nan,nan,nan,nan,nan,nan,nan,nan
'beta-Alanine',99,nan,nan,nan,nan,nan,0.0115,nan,0.00782,nan,nan,nan,nan,nan,nan,nan,nan,nan,nan,nan,nan,nan
'Propanoyl-CoA',100,0.00532,nan,nan,nan,nan,nan,nan,nan,nan,nan,nan,nan,nan,nan,nan,nan,nan,nan,nan,nan,nan
'D-Glucose 1-phosphate',103,nan,nan,nan,0.015,0.0317,0.0334,0.107,0.131,nan,nan,nan,nan,0.09,0.94,0.05,nan,nan,nan,0.23,0.12,0.02
'IDP',104,0.0237,nan,nan,0.0973,0.117,0.0747,0.0775,0.0249,nan,nan,nan,nan,nan,nan,nan,nan,nan,nan,nan,nan,nan
'UMP',105,nan,nan,nan,0.124,0.455,0.129,0.153,0.0746,nan,nan,nan,nan,nan,nan,nan,nan,nan,nan,nan,nan,nan
'Anthranilate',108,0.00348,0.00266,0.00344,nan,nan,0.00507,nan,nan,nan,nan,nan,nan,nan,nan,nan,nan,nan,nan,nan,nan,nan
'Glycerone phosphate',111,0.374,0.544,0.147,nan,nan,nan,nan,0.126,nan,nan,nan,nan,0.72,0.64,0.03,0.067,0.071,0.031,0.93,0.93,0.54
'CDP',112,nan,nan,nan,0.115,0.34,0.144,0.25,0.0872,nan,nan,nan,nan,nan,nan,nan,nan,nan,nan,nan,nan,nan
'D-Ribose 5-phosphate',117,1.32,1.02,0.686,0.0692,0.0127,nan,0.0268,nan,nan,0.62,0.45,0.42,0.41,0.49,0.02,0.06,0.068,0.013,0.24,0.2,0.07
'D-Glyceraldehyde 3-phosphate',118,nan,nan,nan,nan,nan,nan,nan,nan,nan,nan,nan,nan,nan,nan,nan,nan,nan,nan,0.12,0.08,0.07
'5-Phospho-alpha-D-ribose 1-diphosphate',119,0.258,0.153,0.0944,nan,nan,nan,nan,nan,nan,nan,nan,nan,nan,nan,nan,nan,nan,nan,nan,nan,nan
'Fumarate',122,0.121,0.288,0.298,0.0696,0.0702,nan,nan,0.0315,nan,0.1,0.2,0.17,1.65,1.45,4.53,0.129,0.122,0.364,0.52,nan,nan
'L-Leucine',123,0.303,0.438,0.341,nan,0.107,0.12,nan,nan,0.15,0.37,0.6,0.27,nan,nan,nan,0.301,0.242,0.248,1.23,1.93,0.91
'D-Galactose',124,nan,nan,nan,nan,nan,nan,nan,nan,nan,nan,nan,nan,nan,nan,nan,nan,nan,nan,nan,nan,nan
'Glutathione disulfide',127,2.37,7.31,1.68,nan,0.126,3.67,1.4,0.083,nan,nan,nan,nan,nan,nan,nan,nan,nan,nan,nan,nan,nan
'CMP-N-acetylneuraminate',128,nan,nan,nan,0.0762,0.0107,0.169,nan,0.09,nan,nan,nan,nan,nan,nan,nan,nan,nan,nan,nan,nan,nan
'IMP',130,0.272,nan,nan,0.133,0.116,0.113,0.0847,0.0477,nan,nan,nan,nan,nan,nan,nan,nan,nan,nan,nan,nan,nan
'dATP',131,0.0155,0.051,0.0685,0.0756,0.0248,0.0588,0.0393,0.00292,nan,nan,nan,nan,nan,nan,nan,nan,nan,nan,nan,nan,nan
'Putrescine',134,nan,nan,nan,nan,0.104,0.0695,0.138,0.143,nan,nan,nan,nan,nan,nan,nan,nan,nan,nan,nan,nan,nan
'L-Histidine',135,0.068,0.15,0.0955,0.0593,0.0488,0.0524,0.184,0.048,0.37,3.85,2.78,2.12,nan,nan,nan,0.278,0.21,1.211,nan,nan,nan
'myo-Inositol',137,0.00572,0.00705,0.0069,nan,nan,nan,nan,nan,nan,nan,nan,nan,nan,nan,nan,nan,nan,nan,nan,nan,nan
'GMP',144,0.0238,nan,nan,0.0722,0.0791,0.0702,0.0559,0.0323,nan,nan,nan,nan,0.06,0.06,0.06,nan,nan,nan,nan,nan,nan
'Adenine',147,0.00147,nan,nan,0.0743,0.217,0.102,0.199,0.196,nan,0.1,0.15,0.1,0.05,0.05,0.02,nan,nan,nan,nan,nan,nan
'L-Proline',148,0.385,0.451,0.361,0.0625,0.0712,0.143,0.116,0.0779,0.83,0.86,1.12,0.84,nan,nan,nan,0.939,0.85,1.472,nan,nan,nan
'L-Asparagine',152,0.511,0.97,0.54,0.0738,0.0834,0.103,0.216,0.0843,0.47,4.06,2.39,1.72,4.66,4.17,1.78,2.24,2.054,3.05,nan,nan,nan
'Nicotinamide',153,nan,nan,nan,nan,0.0374,0.0442,0.0272,0.0347,nan,nan,nan,nan,nan,nan,nan,nan,nan,nan,nan,nan,nan
'4-Hydroxybenzoate',156,0.0522,0.787,0.294,nan,nan,nan,nan,nan,nan,nan,nan,nan,nan,nan,nan,nan,nan,nan,nan,nan,nan
'Citrate',158,1.96,2.32,21.9,nan,nan,nan,nan,nan,nan,4.69,3.13,2.43,1.47,1.96,6.02,4.373,3.528,3.204,nan,nan,nan
'Phenylpyruvate',166,0.0898,0.195,0.148,nan,nan,nan,nan,nan,nan,nan,nan,nan,nan,nan,nan,nan,nan,nan,nan,nan,nan
'UDP-glucuronate',167,0.566,0.375,0.188,0.115,0.0664,0.0834,0.0727,0.00839,nan,nan,nan,nan,nan,nan,nan,nan,nan,nan,nan,nan,nan
'Benzoate',180,nan,nan,nan,nan,0.0644,nan,nan,0.0369,nan,nan,nan,nan,nan,nan,nan,nan,nan,nan,nan,nan,nan
'L-Valine',183,4.02,2.29,1.07,nan,0.199,0.181,0.201,0.222,0.26,3,2.64,2.11,nan,nan,nan,3.306,3.11,2.29,6.01,10.89,2.76
'(S)-Lactate',186,nan,nan,nan,nan,nan,nan,nan,nan,nan,nan,nan,nan,nan,nan,nan,nan,nan,nan,3.69,7.63,2.77
'L-Threonine',188,0.179,nan,nan,nan,0.0883,0.147,0.264,0.0915,1.03,10.9,3.78,2.4,nan,nan,nan,8.162,6.636,8.623,0.81,2.21,0.83
"'""2,3-Dihydroxybenzoate""'",196,0.138,0.414,0.274,nan,nan,nan,nan,nan,nan,nan,nan,nan,nan,nan,nan,nan,nan,nan,nan,nan,nan
'3-Phospho-D-glycerate',197,1.54,4.08,1.51,0.543,0.746,nan,0.295,0.441,nan,nan,nan,nan,0.89,1.01,0.77,1.76,0.852,1.165,nan,nan,nan
"'""D-Glucono-1,5-lactone""'",198,1.04,nan,nan,nan,nan,nan,nan,nan,nan,nan,nan,nan,nan,nan,nan,nan,nan,nan,nan,nan,nan
'D-Ribulose 5-phosphate',199,nan,nan,nan,0.255,0.0983,0.0782,0.114,0.0933,nan,nan,nan,nan,0.02,0.02,nan,0.025,0.028,0.007,0.43,0.32,0.11
'dADP',206,nan,nan,nan,0.0503,0.00919,0.0527,0.0285,nan,nan,nan,nan,nan,nan,nan,nan,nan,nan,nan,nan,nan,nan
'Maltose',208,nan,nan,nan,nan,nan,nan,nan,nan,nan,0.2,0.2,0.14,nan,nan,nan,nan,nan,nan,nan,nan,nan
'Adenosine',212,0.000131,nan,nan,0.0626,0.0682,0.0622,0.14,0.0853,nan,nan,nan,nan,nan,nan,nan,nan,nan,nan,nan,nan,nan
'Adenylyl sulfate',224,0.00663,nan,nan,nan,nan,nan,nan,nan,nan,nan,nan,nan,nan,nan,nan,nan,nan,nan,nan,nan,nan
'Acetyl phosphate',227,1.07,1.05,1.56,nan,nan,nan,nan,nan,nan,nan,nan,nan,nan,nan,nan,nan,nan,nan,nan,nan,nan
'D-Xylulose 5-phosphate',231,nan,nan,nan,nan,nan,nan,nan,nan,nan,nan,nan,nan,nan,nan,nan,0.002,0.002,0.001,nan,nan,nan
'3-Phospho-D-glyceroyl phosphate',236,nan,nan,nan,nan,nan,nan,nan,nan,nan,nan,nan,nan,nan,nan,nan,nan,nan,nan,nan,nan,nan
'dCMP',239,nan,nan,nan,0.00695,nan,nan,nan,nan,nan,nan,nan,nan,nan,nan,nan,nan,nan,nan,nan,nan,nan
'Guanine',242,0.188,0.00331,nan,0.03,0.0554,0.0651,0.0754,0.0671,nan,nan,nan,nan,nan,nan,nan,nan,nan,nan,nan,nan,nan
'Riboflavin',255,0.019,0.0221,0.0188,nan,nan,nan,nan,nan,nan,nan,nan,nan,nan,nan,nan,nan,nan,nan,nan,nan,nan
'D-Gluconic acid',257,0.0416,nan,nan,nan,nan,nan,nan,nan,nan,nan,nan,nan,nan,nan,nan,nan,nan,nan,nan,nan,nan
'D-Glycerate',258,1.35,0.931,0.516,nan,nan,nan,nan,nan,nan,nan,nan,nan,nan,nan,nan,nan,nan,nan,nan,nan,nan
'Hypoxanthine',262,nan,nan,nan,0.176,0.306,0.277,0.336,0.379,nan,nan,nan,nan,nan,nan,nan,nan,nan,nan,nan,nan,nan
'L-Homoserine',263,nan,nan,nan,0.00599,0.00488,0.0161,nan,0.00971,nan,0.91,0.78,0.65,nan,nan,nan,nan,nan,nan,nan,nan,nan
'D-Erythrose 4-phosphate',279,nan,nan,nan,nan,nan,nan,nan,nan,nan,nan,nan,nan,nan,nan,nan,nan,nan,nan,nan,nan,nan
'Inosine',294,nan,nan,nan,0.0219,0.0256,0.0311,0.0521,0.0402,nan,nan,nan,nan,nan,nan,nan,nan,nan,nan,nan,nan,nan
'Orotate',295,nan,nan,nan,nan,nan,nan,nan,nan,nan,nan,nan,nan,nan,nan,nan,nan,nan,nan,nan,nan,nan
'Quinate',296,nan,nan,nan,nan,nan,nan,0.13,nan,nan,nan,nan,nan,nan,nan,nan,nan,nan,nan,nan,nan,nan
'Uridine',299,2.09,nan,nan,nan,nan,nan,nan,nan,nan,nan,nan,nan,nan,nan,nan,nan,nan,nan,nan,nan,nan
'Creatine',300,nan,nan,nan,nan,nan,0.00872,nan,nan,nan,nan,nan,nan,nan,nan,nan,nan,nan,nan,nan,nan,nan
'ADP-ribose',301,nan,nan,nan,0.0221,0.00624,0.0262,0.0195,0.00204,nan,nan,nan,nan,nan,nan,nan,nan,nan,nan,nan,nan,nan
'Isocitrate',311,nan,nan,nan,nan,nan,nan,nan,nan,nan,nan,nan,nan,0.19,0.18,0.61,nan,nan,nan,0.26,0.2,0.26
'Pyridoxine',314,nan,nan,nan,nan,nan,0.00117,nan,nan,nan,nan,nan,nan,nan,nan,nan,nan,nan,nan,nan,nan,nan
'L-Carnitine',318,nan,nan,nan,nan,nan,0.00399,nan,0.00169,nan,nan,nan,nan,nan,nan,nan,nan,nan,nan,nan,nan,nan
'L-Citrulline',327,1.41,nan,nan,0.0622,0.0575,0.0384,0.126,0.0554,0.04,nan,nan,nan,nan,nan,nan,nan,nan,nan,18.11,8.7,7.44
'D-Glucosamine',329,nan,nan,nan,nan,nan,0.0192,0.0799,0.0244,nan,nan,nan,nan,nan,nan,nan,nan,nan,nan,nan,nan,nan
'Deoxyguanosine',330,0.000522,nan,nan,nan,nan,nan,nan,nan,nan,nan,nan,nan,nan,nan,nan,nan,nan,nan,nan,nan,nan
'Acetoacetyl-CoA',332,0.0218,nan,nan,nan,nan,nan,nan,nan,nan,nan,nan,nan,nan,nan,nan,nan,nan,nan,nan,nan,nan
'4-Aminobutanoate',334,nan,nan,nan,0.0416,0.0347,0.0436,0.0741,0.036,nan,nan,nan,nan,nan,nan,nan,nan,nan,nan,nan,nan,nan
'(S)-Dihydroorotate',337,0.0121,0.0236,0.0205,nan,nan,nan,nan,nan,nan,nan,nan,nan,nan,nan,nan,nan,nan,nan,nan,nan,nan
'6-Phospho-D-gluconate',345,3.81,4.95,3.06,nan,nan,nan,nan,nan,nan,1.58,0.71,0.6,0.87,0.9,0.07,0.76,0.751,0.489,1.13,0.76,0.22
'D-Glucosamine 6-phosphate',352,1.15,0.378,0.316,0.402,0.604,0.34,0.708,0.494,nan,nan,nan,nan,nan,nan,nan,nan,nan,nan,nan,nan,nan
"'""D-Fructose 1,6-bisphosphate""'",354,15.2,5.85,nan,nan,0.0312,nan,nan,0.0207,nan,nan,nan,nan,8.76,6.93,0.18,1.543,1.511,1.017,7.63,6.23,1.54
'N-Acetyl-D-glucosamine 6-phosphate',357,nan,nan,nan,nan,nan,nan,nan,nan,nan,nan,nan,nan,nan,nan,nan,nan,nan,nan,nan,nan,nan
'dAMP',360,0.00884,nan,nan,0.0122,nan,0.0145,0.00474,0.00115,nan,nan,nan,nan,nan,nan,nan,nan,nan,nan,nan,nan,nan
'dGMP',362,0.0507,nan,nan,nan,nan,nan,nan,nan,nan,nan,nan,nan,nan,nan,nan,nan,nan,nan,nan,nan,nan
'dTDP',363,0.378,nan,nan,nan,nan,nan,nan,nan,nan,nan,nan,nan,nan,nan,nan,nan,nan,nan,nan,nan,nan
'dTMP',364,nan,nan,nan,nan,nan,nan,nan,nan,nan,nan,nan,nan,nan,nan,nan,nan,nan,nan,nan,nan,nan
'Cytosine',380,0.0141,nan,nan,0.00553,0.0048,0.00982,nan,0.00994,nan,nan,nan,nan,nan,nan,nan,nan,nan,nan,nan,nan,nan
'Guanosine',387,0.00162,nan,nan,0.019,0.019,0.0253,0.0478,0.0355,nan,nan,nan,nan,nan,nan,nan,nan,nan,nan,nan,nan,nan
'L-Isoleucine',407,nan,nan,nan,nan,nan,0.0331,nan,nan,0.11,0.66,0.86,0.53,nan,nan,nan,0.82,0.718,0.534,0.37,0.99,0.41
'L-Pipecolate',408,nan,nan,nan,nan,nan,0.00605,nan,nan,nan,nan,nan,nan,nan,nan,nan,nan,nan,nan,nan,nan,nan
'cis-Aconitate',417,0.0161,0.0959,0.0723,nan,nan,nan,nan,nan,nan,nan,nan,nan,nan,nan,nan,nan,nan,nan,nan,nan,nan
'trans-Cinnamate',423,nan,nan,nan,0.0994,0.0681,0.136,0.0956,0.0702,nan,nan,nan,nan,nan,nan,nan,nan,nan,nan,nan,nan,nan
'N-Acetylornithine',437,0.0433,0.398,0.152,nan,0.00704,0.0141,0.0244,0.00928,nan,nan,nan,nan,nan,nan,nan,nan,nan,nan,nan,nan,nan
'N-Carbamoyl-L-aspartate',438,0.59,0.0902,0.0266,nan,0.609,0.562,0.441,0.446,nan,nan,nan,nan,nan,nan,nan,nan,nan,nan,nan,nan,nan
'dCTP',458,0.0352,0.083,0.146,0.0359,0.0354,0.017,0.0305,0.00804,nan,nan,nan,nan,nan,nan,nan,nan,nan,nan,nan,nan,nan
'dTTP',459,4.62,0.525,0.667,nan,nan,nan,nan,nan,nan,nan,nan,nan,nan,nan,nan,nan,nan,nan,nan,nan,nan
'Cytidine',475,0.00259,nan,nan,0.00413,nan,0.00836,nan,nan,nan,nan,nan,nan,nan,nan,nan,nan,nan,nan,nan,nan,nan
'Tyramine',483,nan,nan,nan,nan,nan,0.0075,nan,nan,nan,nan,nan,nan,nan,nan,nan,nan,nan,nan,nan,nan,nan
'Shikimate',493,0.0141,nan,nan,nan,nan,nan,nan,nan,nan,nan,nan,nan,nan,nan,nan,nan,nan,nan,0.07,0.05,0.01
'ADP-glucose',498,0.00427,nan,nan,0.0126,nan,0.00715,0.0183,nan,nan,nan,nan,nan,nan,nan,nan,nan,nan,nan,nan,nan,nan
'Deoxyadenosine',559,0.00282,nan,nan,nan,nan,nan,nan,nan,nan,nan,nan,nan,nan,nan,nan,nan,nan,nan,nan,nan,nan
"'""3',5'-Cyclic AMP""'",575,0.0354,nan,nan,0.00559,0.00785,0.0085,0.00552,0.00223,nan,nan,nan,nan,nan,nan,nan,0.00088,0.00093,0.00047,nan,nan,nan
'N-Acetyl-L-glutamate',624,nan,nan,nan,0.0113,0.00983,nan,nan,0.00807,nan,nan,nan,nan,nan,nan,nan,nan,nan,nan,nan,nan,nan
'Pyridoxamine phosphate',647,nan,nan,nan,nan,0.0298,0.0403,0.0457,0.0434,nan,nan,nan,nan,nan,nan,nan,nan,nan,nan,nan,nan,nan
"'""LL-2,6-Diaminoheptanedioate""'",666,nan,nan,nan,nan,0.105,0.0581,nan,nan,nan,nan,nan,nan,nan,nan,nan,nan,nan,nan,nan,nan,nan
'2-Deoxy-D-ribose 5-phosphate',673,0.303,nan,nan,nan,nan,nan,nan,nan,nan,nan,nan,nan,nan,nan,nan,nan,nan,nan,nan,nan,nan
'dCDP',705,nan,nan,nan,0.0373,0.029,0.036,0.0297,0.0129,nan,nan,nan,nan,nan,nan,nan,nan,nan,nan,nan,nan,nan
'Malate',149,1.68,3.45,3.33,0.0471,0.0835,0.0889,nan,0.0551,nan,0.79,0.91,0.66,1.68,1.47,4.46,0.88,1.171,1.97,0.57,nan,nan
'Pterin',715,nan,nan,nan,0.0239,0.0171,0.04,0.0252,0.0235,nan,nan,nan,nan,nan,nan,nan,nan,nan,nan,nan,nan,nan
'Pyridine',747,nan,nan,nan,nan,0.00334,nan,0.00403,0.00633,nan,nan,nan,nan,nan,nan,nan,nan,nan,nan,nan,nan,nan
'Urocanate',785,nan,nan,nan,nan,nan,0.09,0.132,0.0412,nan,nan,nan,nan,nan,nan,nan,nan,nan,nan,nan,nan,nan
'Creatinine',791,nan,nan,nan,nan,nan,0.00372,nan,nan,nan,nan,nan,nan,nan,nan,nan,nan,nan,nan,nan,nan,nan
'L-Histidinol',860,0.0128,0.0192,0.0196,nan,0.00278,0.00155,nan,0.00262,nan,nan,nan,nan,nan,nan,nan,nan,nan,nan,nan,nan,nan
'Pantothenate',864,nan,nan,nan,0.018,0.0123,0.058,0.0166,0.0167,nan,nan,nan,nan,0.21,0.21,0.1,nan,nan,nan,nan,nan,nan
"'""3',5'-Cyclic GMP""'",942,nan,nan,nan,nan,nan,nan,0.027,0.017,nan,nan,nan,nan,nan,nan,nan,nan,nan,nan,nan,nan,nan
'L-2-Aminoadipate',956,nan,nan,nan,nan,0.0118,0.0115,0.02,0.0126,nan,nan,nan,nan,nan,nan,nan,nan,nan,nan,nan,nan,nan
'O-Acetyl-L-serine',979,nan,nan,nan,nan,0.0233,nan,nan,0.0216,nan,nan,nan,nan,nan,nan,nan,nan,nan,nan,nan,nan,nan
'O-Phospho-L-serine',1005,nan,nan,nan,nan,nan,nan,nan,nan,nan,nan,nan,nan,nan,nan,nan,nan,nan,nan,nan,nan,nan
'4-Hydroxy-L-proline',1015,nan,nan,nan,nan,nan,0.00626,nan,nan,nan,nan,nan,nan,nan,nan,nan,nan,nan,nan,nan,nan,nan
"'""N,N-Dimethylglycine""'",1026,nan,nan,nan,0.0057,nan,0.00618,nan,nan,nan,nan,nan,nan,nan,nan,nan,nan,nan,nan,nan,nan,nan
'N8-Acetylspermidine',1029,nan,nan,nan,nan,nan,0.000844,nan,nan,nan,nan,nan,nan,nan,nan,nan,nan,nan,nan,nan,nan,nan
'4-Guanidinobutanoate',1035,nan,nan,nan,nan,nan,0.0023,nan,nan,nan,nan,nan,nan,nan,nan,nan,nan,nan,nan,nan,nan,nan
'N-Acetyl-L-aspartate',1042,nan,nan,nan,0.055,0.0522,0.0564,0.043,0.0544,nan,nan,nan,nan,nan,nan,nan,nan,nan,nan,nan,nan,nan
'Thiamin monophosphate',1081,nan,nan,nan,0.0507,0.315,0.0248,0.0751,0.0322,nan,nan,nan,nan,nan,nan,nan,nan,nan,nan,nan,nan,nan
'D-Fructose 1-phosphate',1094,nan,nan,nan,nan,nan,nan,nan,nan,nan,nan,nan,nan,nan,nan,nan,0.037,0.04,0.023,nan,nan,nan
'Sorbitol 6-phosphate',1096,nan,nan,nan,0.0536,0.0717,0.0612,0.0858,0.0787,nan,nan,nan,nan,nan,nan,nan,nan,nan,nan,nan,nan,nan
'Trimethylamine N-oxide',1104,nan,nan,nan,nan,nan,0.00492,nan,nan,nan,nan,nan,nan,nan,nan,nan,nan,nan,nan,nan,nan,nan
'Cys-Gly',1419,nan,nan,nan,nan,nan,nan,nan,0.0205,nan,nan,nan,nan,nan,nan,nan,nan,nan,nan,nan,nan,nan
'Glu-Glu',1425,nan,nan,nan,nan,nan,0.00634,nan,nan,nan,nan,nan,nan,nan,nan,nan,nan,nan,nan,nan,nan,nan
'Hexanoic acid',1585,nan,nan,nan,nan,nan,0.0795,nan,nan,nan,nan,nan,nan,nan,nan,nan,nan,nan,nan,nan,nan,nan
'Octylamine',1740,nan,nan,nan,nan,nan,0.0017,nan,nan,nan,nan,nan,nan,nan,nan,nan,nan,nan,nan,nan,nan,nan
'Piperidine',1746,nan,nan,nan,nan,nan,0.00195,nan,nan,nan,nan,nan,nan,nan,nan,nan,nan,nan,nan,nan,nan,nan
'Homocystine',1817,0.37,nan,nan,nan,nan,nan,nan,nan,nan,nan,nan,nan,nan,nan,nan,nan,nan,nan,nan,nan,nan
'5-Oxoproline',1879,nan,nan,nan,nan,0.0876,0.265,0.451,0.0848,nan,nan,nan,nan,nan,nan,nan,nan,nan,nan,nan,nan,nan
'Acetylcholine',1996,nan,nan,nan,0.000908,nan,0.00248,nan,nan,nan,nan,nan,nan,nan,nan,nan,nan,nan,nan,nan,nan,nan
'Methylmalonate',2170,nan,nan,nan,nan,nan,nan,nan,nan,nan,nan,nan,nan,nan,nan,nan,nan,nan,nan,nan,nan,nan
'2-Methylmaleate',2226,nan,nan,nan,0.0127,0.0262,0.04,0.0223,0.0139,nan,nan,nan,nan,nan,nan,nan,nan,nan,nan,nan,nan,nan
'Castanospermine',2256,nan,nan,nan,nan,nan,0.00621,nan,nan,nan,nan,nan,nan,nan,nan,nan,nan,nan,nan,nan,nan,nan
'5-Methylcytosine',2376,nan,nan,nan,nan,nan,0.00263,nan,nan,nan,nan,nan,nan,nan,nan,nan,nan,nan,nan,nan,nan,nan
'1-Methyladenosine',2494,nan,nan,nan,nan,nan,0.00155,nan,nan,nan,nan,nan,nan,nan,nan,nan,nan,nan,nan,nan,nan,nan
'3-Methylbutanamine',2640,nan,nan,nan,nan,nan,0.00191,nan,nan,nan,nan,nan,nan,nan,nan,nan,nan,nan,nan,nan,nan,nan
'Dodecanedioic acid',2678,nan,nan,nan,nan,0.00346,nan,nan,nan,nan,nan,nan,nan,nan,nan,nan,nan,nan,nan,nan,nan,nan
'Monomethyl sulfate',2704,nan,nan,nan,0.102,0.16,0.115,0.119,nan,nan,nan,nan,nan,nan,nan,nan,nan,nan,nan,nan,nan,nan
'N-Acetylputrescine',2714,nan,nan,nan,nan,nan,0.0056,nan,nan,nan,nan,nan,nan,nan,nan,nan,nan,nan,nan,nan,nan,nan
'2-Methylpropanamine',2787,nan,nan,nan,0.00794,0.0338,0.00594,0.014,0.0214,nan,nan,nan,nan,nan,nan,nan,nan,nan,nan,nan,nan,nan
'3-Guanidinopropanoate',3065,nan,nan,nan,nan,nan,0.00258,nan,nan,nan,nan,nan,nan,nan,nan,nan,nan,nan,nan,nan,nan,nan
'Dimethylbenzimidazole',3114,nan,nan,nan,nan,nan,0.00126,nan,nan,nan,nan,nan,nan,nan,nan,nan,nan,nan,nan,nan,nan,nan
"'""L-2,4-Diaminobutanoate""'",3283,nan,nan,nan,nan,0.0443,0.0259,0.0617,0.044,nan,nan,nan,nan,nan,nan,nan,nan,nan,nan,nan,nan,nan
'L-3-Amino-isobutanoate',3284,nan,nan,nan,nan,0.00845,0.00819,nan,0.00859,nan,nan,nan,nan,nan,nan,nan,nan,nan,nan,nan,nan,nan
"'""2,3-Bisphosphoglycerate""'",3339,nan,nan,nan,nan,0.00832,nan,nan,nan,nan,nan,nan,nan,nan,nan,nan,nan,nan,nan,0.1,0.07,0.07
'N-(L-Arginino)succinate',3406,nan,nan,nan,nan,0.0368,nan,nan,nan,nan,nan,nan,nan,nan,nan,nan,nan,nan,nan,nan,nan,nan
'(R)-S-Lactoylglutathione',3451,nan,nan,nan,0.00869,0.0182,nan,0.0111,0.0289,nan,nan,nan,nan,nan,nan,nan,nan,nan,nan,nan,nan,nan
"'""Pyridine-2,3-dicarboxylate""'",3722,0.0119,0.00458,0.00359,nan,nan,nan,nan,nan,nan,nan,nan,nan,nan,nan,nan,nan,nan,nan,nan,nan,nan
'N6-Methyl-2'-deoxyadenosine',3795,nan,nan,nan,nan,nan,0.00187,nan,nan,nan,nan,nan,nan,nan,nan,nan,nan,nan,nan,nan,nan,nan
'1-Phospho-alpha-D-galacturonate',4037,nan,nan,nan,0.0347,nan,nan,nan,nan,nan,nan,nan,nan,nan,nan,nan,nan,nan,nan,nan,nan,nan
'N-Acetyl-D-glucosamine 1-phosphate',4256,0.0819,nan,nan,nan,0.00628,nan,nan,nan,nan,nan,nan,nan,nan,nan,nan,nan,nan,nan,nan,nan,nan
'Nicotinamide hypoxanthine dinucleotide',4423,nan,nan,nan,0.141,0.172,0.194,0.17,0.0593,nan,nan,nan,nan,nan,nan,nan,nan,nan,nan,nan,nan,nan
"'""1-Methyl-4-phenyl-1,2,3,6-tetrahydropyridine""'",4599,nan,nan,nan,nan,nan,0.000778,nan,nan,nan,nan,nan,nan,nan,nan,nan,nan,nan,nan,nan,nan,nan
'4-(beta-Acetylaminoethyl)imidazole',5135,nan,nan,nan,nan,nan,0.00215,nan,nan,nan,nan,nan,nan,nan,nan,nan,nan,nan,nan,nan,nan,nan
'Sedoheptulose 7-phosphate',5382,nan,nan,nan,0.216,0.178,0.334,0.18,0.2,nan,nan,nan,nan,nan,nan,nan,nan,nan,nan,nan,nan,nan
'1-Aminopropan-2-ol',5771,nan,nan,nan,nan,nan,0.0146,nan,nan,nan,nan,nan,nan,nan,nan,nan,nan,nan,nan,nan,nan,nan
'2-Oxopentanoic acid',6255,nan,nan,nan,0.281,nan,nan,nan,nan,nan,nan,nan,nan,nan,nan,nan,nan,nan,nan,nan,nan,nan
'Octanoic acid',6423,nan,nan,nan,nan,nan,0.0795,nan,nan,nan,nan,nan,nan,nan,nan,nan,nan,nan,nan,nan,nan,nan
'2-Keto-D-gluconic acid',6473,nan,nan,nan,nan,nan,nan,nan,nan,nan,nan,nan,nan,nan,nan,nan,nan,nan,nan,nan,nan,nan
'Hydroxyatrazine',6552,nan,nan,nan,nan,nan,0.00148,nan,nan,nan,nan,nan,nan,nan,nan,nan,nan,nan,nan,nan,nan,nan
'Triethanolamine',6771,nan,nan,nan,nan,0.00851,0.0143,0.178,0.00342,nan,nan,nan,nan,nan,nan,nan,nan,nan,nan,nan,nan,nan
'Diethanolamine',6772,nan,nan,nan,0.0166,nan,0.00986,0.0376,0.00738,nan,nan,nan,nan,nan,nan,nan,nan,nan,nan,nan,nan,nan
'Tolazoline',7147,nan,nan,nan,nan,nan,0.00141,nan,nan,nan,nan,nan,nan,nan,nan,nan,nan,nan,nan,nan,nan,nan
'Tromethamine',7182,nan,nan,nan,nan,nan,nan,nan,0.00767,nan,nan,nan,nan,nan,nan,nan,nan,nan,nan,nan,nan,nan
'Azelaic acid',8261,nan,nan,nan,0.00406,0.018,0.0255,0.0286,0.0182,nan,nan,nan,nan,nan,nan,nan,nan,nan,nan,nan,nan,nan
'Sebacic acid',8277,nan,nan,nan,nan,0.00232,nan,0.00581,nan,nan,nan,nan,nan,nan,nan,nan,nan,nan,nan,nan,nan,nan
'Melamine',8737,nan,nan,nan,0.0054,0.0121,0.0126,0.00714,nan,nan,nan,nan,nan,nan,nan,nan,nan,nan,nan,nan,nan,nan
'Benzylsuccinate',9816,nan,nan,nan,nan,0.00231,nan,nan,nan,nan,nan,nan,nan,nan,nan,nan,nan,nan,nan,nan,nan,nan
'Pseudopelletierine',10865,nan,nan,nan,0.000642,nan,0.00185,nan,nan,nan,nan,nan,nan,nan,nan,nan,nan,nan,nan,nan,nan,nan
'2-Benzimidazolylguanidine',10898,nan,nan,nan,nan,nan,0.00239,nan,nan,nan,nan,nan,nan,nan,nan,nan,nan,nan,nan,nan,nan,nan
'Leu-leu-tyr',11331,nan,nan,nan,nan,nan,0.00156,nan,nan,nan,nan,nan,nan,nan,nan,nan,nan,nan,nan,nan,nan,nan
'Heptanoic acid',17714,nan,nan,nan,nan,nan,0.118,nan,nan,nan,nan,nan,nan,nan,nan,nan,nan,nan,nan,nan,nan,nan
